<?xml version="1.0" encoding="UTF-8"?>
<project-private xmlns="http://www.netbeans.org/ns/project-private/1">
    <editor-bookmarks xmlns="http://www.netbeans.org/ns/editor-bookmarks/2" lastBookmarkId="1">
        <file>
            <url>model/operations/Check.php</url>
            <bookmark id="1">
                <name/>
                <line>2</line>
                <key/>
            </bookmark>
        </file>
    </editor-bookmarks>
    <open-files xmlns="http://www.netbeans.org/ns/projectui-open-files/2">
        <group>
            <file>file:/C:/xampp/htdocs/Softlearning/model/test/functional/ProductsTest.php</file>
            <file>file:/C:/xampp/htdocs/Softlearning/model/stakeholders/Employee.php</file>
            <file>file:/C:/xampp/htdocs/Softlearning/model/operations/Check.php</file>
            <file>file:/C:/xampp/htdocs/Softlearning/model/Products/Software.php</file>
            <file>file:/C:/xampp/htdocs/Softlearning/model/Products/Books.php</file>
        </group>
    </open-files>
</project-private>
